Date,Amount,Supplier,supplier_clean,supplier_fuzzy
2020-12-01,988.71,Amazon,amazon,amazon
2020-12-01,3240.97,LVL-NORTH DOWN SPECIAL,lvl north down special,lvl north down special
2020-12-01,895.32,PETER LEONARD MOORINGS,peter leonard moorings,peter leonard moorings
2020-12-01,803.25,SEA SCOPE TRAINING SOL,sea scope training sol,sea scope training sol
2020-12-02,792.3,Amazon,amazon,amazon
2020-12-02,942.29,Amazon,amazon,amazon
2020-12-03,840.0,IKEA LTD SHOP ONLINE,ikea shop online,ikea shop online
2020-12-07,1400.0,HARBOURSIDE MARINA LIM,harbourside marina lim,harbourside marina lim
2020-12-07,2580.0,RATE,rate,rate
2020-12-07,3000.0,RATE,rate,rate
2020-12-08,503.72,Amazon,amazon,amazon
2020-12-08,540.0,EAST KENT RECYCLING,east kent recycling,east kent recycling
2020-12-08,1164.6,PAUL CAFFE LIMITED KSH,paul caffe ksh,paul caffe ksh
2020-12-09,899.5,Amazon,amazon,amazon
2020-12-09,898.0,CURRYS ONLINE,currys online,currys online
2020-12-09,1062.0,FURNITUREATWORK,furnitureatwork,furnitureatwork
2020-12-10,671.04,AMZ EVAQ8 ,amz evaq8,amz evaq8
2020-12-10,500.0,BRIGHTHELM CENTRE,brighthelm centre,brighthelm centre
2020-12-10,899.0,PAYPAL RACINGBINOC,paypal racingbinoc,paypal racingbinoc
2020-12-10,678.82,SALTERNS MARINA,salterns marina,salterns marina
2020-12-10,969.19,UK POINT OF SALE GROUP,point of sale group,point of sale group
2020-12-11,800.4,1STOPTIONSAFETY,1stoptionsafety,1stoptionsafety
2020-12-11,834.49,Amazon,amazon,amazon
2020-12-11,576.0,THE HUB EVENTS,the hub events,the hub events
2020-12-11,600.0,THE HUB EVENTS,the hub events,the hub events
2020-12-14,1783.09,Dean and Reddyhoff,dean and reddyhoff,dean and reddyhoff
2020-12-14,767.45,PROBRAND LTD,probrand,probrand
2020-12-14,1060.0,VIETNAM A,vietnam a,vietnam a
2020-12-15,1065.0,BACASAFETY,bacasafety,bacasafety
2020-12-15,976.14,BEACHCOMBER RESORTS,beachcomber resorts,beachcomber resorts
2020-12-15,568.8,DARTSYSTEMS,dartsystems,dartsystems
2020-12-15,1250.82,SNORT,snort,snort
2020-12-16,861.07,Amazon,amazon,amazon
2020-12-16,1008.0,BEYOND LIMITS TRAINING,beyond limits training,beyond limits training
2020-12-16,1074.0,HELLY HANSEN UK LTD,helly hansen,helly hansen
2020-12-16,4986.0,HELLY HANSEN UK LTD,helly hansen,helly hansen
2020-12-16,517.2,NATIONALOFFICEFURN,nationalofficefurn,nationalofficefurn
2020-12-16,904.95,NITON EQUIPMENT LTD,niton equipment,niton equipment
2020-12-16,508.05,PCC WYP,pcc wyp,pcc wyp
2020-12-16,3470.4,STEPS & STILLAGES,steps stillages,steps stillages
2020-12-16,2205.85,TOTAL SOLUTIONS LTD,total,total
2020-12-17,556.8,CERTAGS LIMITED,certags,certags
2020-12-17,1518.0,OAKLEWEIGH,oakleweigh,oakleweigh
2020-12-18,817.34,Amazon,amazon,amazon
2020-12-18,1338.0,AO RETAIL LIMITED,ao retail,ao retail
2020-12-18,968.4,DIRECT FABRICS,direct fabrics,direct fabrics
2020-12-18,876.0,FIRE LABEL MERCHANDISI,fire label merchandisi,fire label merchandisi
2020-12-18,577.62,ONLINE ERGONOMICS LTD,online ergonomics,online ergonomics
2020-12-18,922.0,PAPERCUT,papercut,papercut
2020-12-18,780.0,R.K. GRAPHICS,r k graphics,r k graphics
2020-12-21,502.31,Amazon,amazon,amazon
2020-12-21,687.81,EDF ENERGY-ECOM,edf energy ecom,edf energy ecom
2020-12-21,1244.27,SIMPLY ERGONOMIC L,simply ergonomic,simply ergonomic
2020-12-21,3177.0,VIETNAM A,vietnam a,vietnam a
2020-12-21,3177.0,VIETNAM A,vietnam a,vietnam a
2020-12-22,514.15,LVL-NORTH DOWN SPECIAL,lvl north down special,lvl north down special
2020-12-22,944.4,SG WORLD LTD,sg world,sg world
2020-12-23,684.0,CITYDOC,citydoc,citydoc
2020-12-23,972.0,CITYDOC,citydoc,citydoc
2020-12-23,1224.0,CITYDOC,citydoc,citydoc
2020-12-23,669.0,RACHAELS KITCHEN LTD,rachaels kitchen,rachaels kitchen
2020-12-24,904.89,Amazon,amazon,amazon
2020-12-24,1035.91,SAFE,safe,safe
2020-12-28,2010.0,zippytravel,zippytravel,zippytravel
2020-11-02,544.26,Amazon,amazon,amazon
2020-11-02,1041.8,BACKCARE SOLUTIONS ,backcare,backcare
2020-11-02,5000.0,BACKCARE SOLUTIONS ,backcare,backcare
2020-11-02,5000.0,BACKCARE SOLUTIONS ,backcare,backcare
2020-11-02,933.6,WWW.EQUIP4WORK.CO.UK,www equip4work,www equip4work
2020-11-03,506.05,BARDEN UK ,barden,barden
2020-11-03,720.0,CITYDOC,citydoc,citydoc
2020-11-03,540.0,EAST KENT RECYCLING,east kent recycling,east kent recycling
2020-11-03,2310.0,POSTURE PEOPLE LTD,posture people,posture people
2020-11-03,871.49,VETS-NOW,vets now,vets now
2020-11-04,651.1,Amazon,amazon,amazon
2020-11-04,560.51,POLICE-SUPPLIES,police supplies,police supplies
2020-11-05,749.7,Amazon,amazon,amazon
2020-11-09,500.0,PHARMACYFIRST,pharmacyfirst,pharmacyfirst
2020-11-10,681.94,BOOKER LIMITED FOLKEST,booker folkest,booker folkest
2020-11-10,855.6,DETECTNOLOGY (UK) ,detectnology,detectnology
2020-11-11,959.97,ARGOS ,argos,argos
2020-11-11,2613.04,MARINE BAZAAR,marine bazaar,marine bazaar
2020-11-11,2114.79,MEDIVET,medivet,medi vet
2020-11-11,1098.0,MILWAUKEE POWER TOOLS,milwaukee power tools,milwaukee power tools
2020-11-11,577.73,MR ANIMAL SERVICES LIM,mr animal lim,mr animal lim
2020-11-12,978.31,LE MAURICIA HOTEL,le mauricia hotel,le mauricia hotel
2020-11-12,743.22,LOCKERTEK LTD,lockertek,lockertek
2020-11-12,879.86,LOCKERTEK LTD,lockertek,lockertek
2020-11-12,1228.06,PCC MOTO PAYMENT,pcc moto payment,pcc moto payment
2020-11-12,539.25,POUNDLAND LTD,poundland,poundland
2020-11-13,503.01,Amazon,amazon,amazon
2020-11-13,514.16,COMECA,comeca,comeca
2020-11-13,1203.89,E H SMITH BUILDERS,e h smith builders,e h smith builders
2020-11-13,594.0,HAYLER WASON LTD,hayler wason,hayler wason
2020-11-13,604.95,MACHINE MART WEB,machine mart web,machine mart web
2020-11-16,1711.39,Amazon,amazon,amazon
2020-11-16,543.4,M A C K LIMITED,m a c k,m a c k
2020-11-16,529.2,PARLICENTRE,parlicentre,parlicentre
2020-11-17,1012.95,ARGOS ,argos,argos
2020-11-17,3752.45,LVL-NORTH DOWN SPECIAL,lvl north down special,lvl north down special
2020-11-17,1384.81,PAYPAL BUYITDIRECT,paypal buyitdirect,paypal buyitdirect
2020-11-18,500.0,BACKCARE SOLUTIONS ,backcare,backcare
2020-11-18,635.2,BACKCARE SOLUTIONS ,backcare,backcare
2020-11-18,700.0,VIOVET LUTON 884213,viovet luton 884213,viovet luton 884213
2020-11-19,749.91,BUYITDIRECT ,buyitdirect,paypal buyitdirect
2020-11-19,565.35,Dovermarinahotel,dovermarinahotel,dovermarinahotel
2020-11-19,674.55,PAYPAL Matt Longmate,paypal matt longmate,paypal matt longmate
2020-11-20,1164.81,WILLETT HOUSE VETS LTD,willett house vets,willett house vets
2020-11-20,3324.05,WILLETT HOUSE VETS LTD,willett house vets,willett house vets
2020-11-23,764.0,HP INC UK LIMITED,hp inc,hp inc
2020-11-23,922.5,PCS CJS UK Management,pcs cjs management,pcs cjs management
2020-11-24,622.39,Amazon,amazon,amazon
2020-11-24,1890.0,TREARDDUR BAY HOLIDAY,trearddur bay holiday,trearddur bay holiday
2020-11-25,718.53,Amazon,amazon,amazon
2020-11-25,779.64,Amazon,amazon,amazon
2020-11-25,7298.55,DICK WHITE REFERRALS L,dick white referrals,dick white referrals
2020-11-25,564.0,MARINE MATTERS UK LTD,marine matters,marine matters
2020-11-25,675.0,TDC (ABERDEEN) LTD,tdc aberdeen,tdc aberdeen
2020-11-26,654.34,Klarna POWERSTAR ELEC,klarna powerstar elec,klarna powerstar elec
2020-11-26,574.8,Vimeo Business,vimeo business,vimeo business
2020-11-27,2630.68,LVL-NORTH DOWN SPECIAL,lvl north down special,lvl north down special
2020-11-27,779.96,PAYPAL DIGI BEST ONBU,paypal digi best onbu,paypal digi best onbu
2020-11-27,1463.0,Police Federation,police federation,police federation
2020-10-05,509.85,ARGOS,argos,argos
2020-10-05,4094.63,NEPTUN QTU,neptun qtu,neptun qtu
2020-10-05,582.84,ONLINE ERGONOMICS LTD,online ergonomics,online ergonomics
2020-10-05,4312.8,Thomaskneale,thomaskneale,thomaskneale
2020-10-05,4312.8,Thomaskneale,thomaskneale,thomaskneale
2020-10-05,4312.8,Thomaskneale,thomaskneale,thomaskneale
2020-10-06,577.89,Amazon,amazon,amazon
2020-10-06,554.57,Arden Grange,arden grange,arden grange
2020-10-06,567.0,HEALTHCARE EQUIPMENT &,healthcare equipment,healthcare equipment
2020-10-06,2900.0,ICO,ico,ico
2020-10-07,636.68,NEWSSTAND,newsstand,newsstand
2020-10-07,684.0,PANELWAREHOUSE,panelwarehouse,panelwarehouse
2020-10-07,1536.0,VON WOLF K9,von wolf k9,von wolf k9
2020-10-07,864.0,W.E.C.ALARMS LIMITED,w e c alarms,w e c alarms
2020-10-08,540.0,EAST KENT RECYCLING,east kent recycling,east kent recycling
2020-10-08,604.09,M C PRODUCTS,m c,m c
2020-10-08,995.42,MEDIVET,medivet,medi vet
2020-10-09,4680.0,GRASSFORM PLANT HIRE L,grassform plant hire,grassform plant hire
2020-10-09,719.98,LEGASTAT,legastat,legastat
2020-10-09,816.0,PEDRO BOATS (UK),pedro boats,pedro boats
2020-10-09,738.64,SOLOPRESS,solopress,solopress
2020-10-12,710.0,CITYDOC,citydoc,citydoc
2020-10-13,849.6,ADOBE CREATIVE CLOUD,adobe,adobe
2020-10-13,858.0,MEDITELLE LTD,meditelle,meditelle
2020-10-14,559.73,BEACONS & LIGHTBARS,beacons lightbars,beacons lightbars
2020-10-14,1054.25,PIERREMONTS CAR HIRE,pierremonts car hire,pierremonts car hire
2020-10-14,519.92,SCREWFIX DIRECT,screwfix direct,screwfix direct
2020-10-15,1891.97,DATACAMP INC.,datacamp inc,datacamp inc
2020-10-15,1794.0,THE OXFORD COLLEGE OF,the oxford college of,the oxford college of
2020-10-15,1794.0,THE OXFORD COLLEGE OF,the oxford college of,the oxford college of
2020-10-19,881.88,Amazon,amazon,amazon
2020-10-19,1152.0,HANDS FREE COMPUTING,hands free computing,hands free computing
2020-10-19,2823.3,Sharp & Enright,sharp enright,sharp enright
2020-10-22,989.1,DICK WHITE REFERRALS L,dick white referrals,dick white referrals
2020-10-22,654.34,Klarna POWERSTAR ELEC,klarna powerstar elec,klarna powerstar elec
2020-10-22,1454.77,MEDIVET,medivet,medi vet
2020-10-22,1880.4,STEPSANDSTILLAGES,stepsandstillages,steps stillages
2020-10-23,1093.98,ALPHATRON MARINE B.V.,alphatron marine b v,alphatron marine b v
2020-10-23,599.8,Amazon,amazon,amazon
2020-10-23,856.8,VIMEO,vimeo,vimeo
2020-10-26,531.74,RS COMPONENTS,rs components,rs components
2020-10-26,743.26,THANET DC MOTO,thanet dc moto,thanet dc moto
2020-10-27,952.68,POSTURITE LTD,posturite,posturite
2020-10-29,780.0,THREE TOWNS OFF EQIP,three towns off eqip,three towns off eqip
2020-10-30,780.0,R S FRENCH LTD,r s french,r s french
2020-09-01,774.38,Amazon,amazon,amazon
2020-09-02,1990.0,ACTIVATE LEARNING,activate learning,activate learning
2020-09-02,1160.92,DATACAMP INC.,datacamp inc,datacamp inc
2020-09-02,1160.92,DATACAMP INC.,datacamp inc,datacamp inc
2020-09-02,712.5,HOMEBASE,homebase,homebase
2020-09-03,600.0,CITYDOC,citydoc,citydoc
2020-09-03,600.0,CITYDOC,citydoc,citydoc
2020-09-03,672.0,THE PINES GARDEN TEA R,the pines garden tea r,the pines garden tea r
2020-09-04,500.83,Amazon,amazon,amazon
2020-09-04,1976.4,GMK,gmk,gmk
2020-09-04,664.0,OUP JOURNALS,oup journals,oup journals
2020-09-04,732.5,PRIMARK STORE 654,primark store 654,primark store 654
2020-09-04,645.6,SP FURNITURISE,sp furniturise,sp furniturise
2020-09-04,727.66,SPECIALITY TEXTILES,speciality textiles,speciality textiles
2020-09-07,883.4,PRIMARK STORE 654,primark store 654,primark store 654
2020-09-07,509.88,R.H. & K.M.P. SVS,r h k m p svs,r h k m p svs
2020-09-08,749.0,Amazon,amazon,amazon
2020-09-08,1000.0,MERSEYTRAVEL,merseytravel,mersey travel
2020-09-08,3312.0,SLI DO,sli do,sli do
2020-09-09,1199.7,Amazon,amazon,amazon
2020-09-09,600.0,BOND,bond,bond
2020-09-09,1524.0,Thomaskneale,thomaskneale,thomaskneale
2020-09-09,3466.8,Thomaskneale,thomaskneale,thomaskneale
2020-09-09,3945.6,Thomaskneale,thomaskneale,thomaskneale
2020-09-09,4568.4,Thomaskneale,thomaskneale,thomaskneale
2020-09-10,6920.0,BHF SHOPS,bhf shops,bhf shops
2020-09-10,723.22,ENTERPRISE BRANDS,enterprise brands,enterprise brands
2020-09-10,580.0,PAYPAL SYSTOR,paypal systor,paypal systor
2020-09-11,534.37,Amazon,amazon,amazon
2020-09-11,579.0,Amazon,amazon,amazon
2020-09-11,1515.82,APS GROUP,aps group,aps group
2020-09-14,716.4,BRITISH RED CROSS,british red cross,british red cross
2020-09-14,3800.0,PRIMARK STORE 654,primark store 654,primark store 654
2020-09-15,1852.8,BACKCS,backcs,backcs
2020-09-15,588.0,PARLICENTRE,parlicentre,parlicentre
2020-09-17,595.0,Amazon,amazon,amazon
2020-09-17,700.0,CITYDOC,citydoc,citydoc
2020-09-17,971.38,NPL NEW PIG LTD,npl new pig,npl new pig
2020-09-18,779.0,APPLE,apple,apple
2020-09-18,1190.0,EB SCALING GOOD SERVI,eb scaling good servi,eb scaling good servi
2020-09-18,3335.88,FIRSTAID4LESS,firstaid4less,first aid 4 less
2020-09-21,561.22,EXTREME CASES LIMITED,extreme cases,extreme cases
2020-09-21,879.12,FURNITURE@WORK LIMITED,furniture work,furnitureatwork
2020-09-21,810.16,QATAR AIRWAYS COMPANY W.L.L. (QATAR AIR),qatar airways w qatar air,qatar airways w qatar air
2020-09-21,2520.0,STEPS & STILLAGES,steps stillages,steps stillages
2020-09-22,2603.0,CURRYS ONLINE,currys online,currys online
2020-09-22,2290.46,SIMPLY PLASTICS LTD,simply plastics,simply plastics
2020-09-22,4022.4,Thomaskneale,thomaskneale,thomaskneale
2020-09-23,1261.52,MEDIVET,medivet,medi vet
2020-09-23,1587.6,PARLICENTRE,parlicentre,parlicentre
2020-09-24,586.83,BOOKER LIMITED FOLKEST,booker folkest,booker folkest
2020-09-25,4266.6,AIRQUEE LTD,airquee,airquee
2020-09-25,1279.2,GLOVECLUB,gloveclub,glove club
2020-09-25,626.5,IKEA LTD 262 LAKESIDE,ikea 262 lakeside,ikea 262 lakeside
2020-09-25,2200.0,KCL FINANCE ONLINE,kcl finance online,kcl finance online
2020-09-25,2070.0,Sharp & Enright,sharp enright,sharp enright
2020-09-28,596.33,ADOBE CREATIVE CLOUD,adobe,adobe
2020-09-28,4999.0,AIRQUEE LTD,airquee,airquee
2020-09-28,759.99,Amazon,amazon,amazon
2020-09-28,525.0,CITYDOC,citydoc,citydoc
2020-09-28,517.79,FALCON LIMITED,falcon,falcon
2020-09-28,804.0,SEAN FULLERTON TA EX D,sean fullerton ta ex d,sean fullerton ta ex d
2020-09-29,1167.6,ACCESS2COMFORT,access2comfort,access2comfort
2020-09-29,4320.0,EAST KENT RECYCLING,east kent recycling,east kent recycling
2020-09-29,2828.81,IXUS DISTRIBUTION LTD,ixus,ixus
2020-09-29,1320.0,UNI CAM ESALES,uni cam esales,uni cam esales
2020-09-30,1460.87,ENTERPRISE BRANDS,enterprise brands,enterprise brands
2020-09-01,774.38,AMAZON,amazon,amazon
2020-09-02,1990.0,ACTIVATE LEARNING,activate learning,activate learning
2020-09-02,1160.92,DATACAMP INC.,datacamp inc,datacamp inc
2020-09-02,712.5,HOMEBASE,homebase,homebase
2020-09-03,600.0,CITYDOC,citydoc,citydoc
2020-09-03,672.0,THE PINES GARDEN TEA R,the pines garden tea r,the pines garden tea r
2020-08-04,759.9,ANDARK,andark,andark
2020-08-04,504.48,Sharp & Enright,sharp enright,sharp enright
2020-08-04,1890.0,Sharp & Enright,sharp enright,sharp enright
2020-08-04,1464.66,UDL WEBSITE PAYMENT,udl website payment,udl website payment
2020-08-05,802.4,ALZA,alza,alza
2020-08-05,3096.0,BLS MONDAY,bls monday,bls monday
2020-08-05,642.0,UKAS,ukas,ukas
2020-08-05,614.4,W A PRODUCTS UK,w a,w a
2020-08-05,857.31,WILLETT HOUSE VETS LTD,willett house vets,willett house vets
2020-08-06,1587.12,GOVERNMENT EVENTS,government events,government events
2020-08-07,979.0,RSM DRIVER TRAINING LTD,rsm driver training,rsm driver training
2020-08-10,657.0,GO OUTDOORS,go outdoors,go outdoors
2020-08-10,504.99,HALFORDS,halfords,halfords
2020-08-10,637.2,MEDIA & COMMUNICATIONS,media communications,media communications
2020-08-10,673.19,MEDIVET,medivet,medi vet
2020-08-10,668.4,SIMPLY ERGONOMIC LTD,simply ergonomic,simply ergonomic
2020-08-12,579.98,CUTMYPLASTIC,cutmyplastic,cutmyplastic
2020-08-12,847.9,VON WOLF K9,von wolf k9,von wolf k9
2020-08-13,674.46,AMAZON,amazon,amazon
2020-08-13,699.0,AMAZON,amazon,amazon
2020-08-14,902.94,BANNER,banner,banner
2020-08-14,740.0,HMCOURTS-SERVICE,hmcourts service,hmcourts service
2020-08-14,813.82,SQ  ACRIS LTD,sq acris,sq acris
2020-08-17,804.79,AMAZON,amazon,amazon
2020-08-17,603.22,BIOTHANEBERT,biothanebert,biothanebert
2020-08-17,642.0,UKAS,ukas,ukas
2020-08-18,2800.0,CDP APARTMENTS,cdp apartments,cdp apartments
2020-08-19,2148.0,CAPITA BUSINESS SERVS,capita business servs,capita business servs
2020-08-19,759.6,MARLIN ENVIRONMENT,marlin environment,marlin environment
2020-08-20,2200.0,2U GETSMARTER (UK) LTD,2u getsmarter,2u getsmarter
2020-08-20,2099.8,ANDARK PRMTS LTD,andark prmts,andark
2020-08-20,1590.78,APS GROUP,aps group,aps group
2020-08-20,619.0,HEATBUSTERS,heatbusters,heatbusters
2020-08-21,559.98,SCREWFIX DIRECT,screwfix direct,screwfix direct
2020-08-24,912.24,BACKCARE SOLUTIONS LTD,backcare,backcare
2020-08-24,912.24,BACKCARE SOLUTIONS LTD,backcare,backcare
2020-08-24,4318.0,MARINESUPERSTORE,marinesuperstore,marine super store
2020-08-24,3442.5,PRIMARK STORE 654,primark store 654,primark store 654
2020-08-26,588.96,ABBEY BUSINESS INTERIORS,abbey business interiors,abbey business interiors
2020-08-26,1487.3,E H SMITH  BUILDERS,e h smith builders,e h smith builders
2020-08-27,1476.2,DICK WHITE REFERRALS L,dick white referrals,dick white referrals
2020-08-27,522.0,RADIO-SOLUTION,radio solution,radio solution
2020-08-27,514.0,Sharp & Enright,sharp enright,sharp enright
2020-08-28,570.27,PACIFIC,pacific,pacific
2020-08-28,621.27,PACIFIC,pacific,pacific
2020-08-28,588.0,PARLICENTRE,parlicentre,parlicentre
2020-08-28,588.0,PARLICENTRE,parlicentre,parlicentre
2020-08-31,828.82,AIR MAURITIUS,air mauritius,air mauritius
2020-08-31,2255.93,AIR MAURITIUS,air mauritius,air mauritius
2020-08-31,2373.83,AIR MAURITIUS,air mauritius,air mauritius
2020-08-31,728.88,ARGOS,argos,argos
2020-08-31,3350.95,E J MARINE SERVICES,e j marine,e j marine
2020-08-31,506.74,PICKFORDS,pickfords,pickfords
2020-08-31,1636.5,Sharp & Enright,sharp enright,sharp enright
2020-07-01,615.29,AMAZON,amazon,amazon
2020-07-02,690.0,XL DISPLAYS LTD,xl displays,xl displays
2020-07-03,758.99,Arden Grange,arden grange,arden grange
2020-07-03,2800.0,CDP APARTMENTS,cdp apartments,cdp apartments
2020-07-03,1878.98,DRI Lenovo,dri lenovo,dri lenovo
2020-07-03,950.26,DRI Maxon Computer,dri maxon computer,dri maxon computer
2020-07-03,950.26,DRI Maxon Computer,dri maxon computer,dri maxon computer
2020-07-03,2160.0,EAST KENT RECYCLING,east kent recycling,east kent recycling
2020-07-03,1687.13,FOUR JAYS LTD,four jays,four jays
2020-07-03,690.8,MARINE SUPER STORE LTD,marine super store,marine super store
2020-07-03,824.83,POSTURITE LTD,posturite,posturite
2020-07-06,564.0,AMAZON,amazon,amazon
2020-07-06,1310.06,NIGHTSEARCHER LTD,nightsearcher,nightsearcher
2020-07-06,746.89,SP   WATERSPORTS WHSE,sp watersports whse,sp watersports whse
2020-07-07,2775.74,MURAL,mural,mural
2020-07-08,926.45,IKEA LTD SHOP ONLINE,ikea shop online,ikea shop online
2020-07-08,960.0,TREARDDUR BAY HOLIDAY,trearddur bay holiday,trearddur bay holiday
2020-07-09,1200.0,RSM DRIVER TRAINING LI,rsm driver training li,rsm driver training
2020-07-09,599.0,SCREWFIX DIRECT,screwfix direct,screwfix direct
2020-07-09,1001.0,SRILANIVRGBP,srilanivrgbp,srilanivrgbp
2020-07-10,2172.93,E J MARINE SERVICES,e j marine,e j marine
2020-07-13,790.95,ANDARK PRMTS LTD,andark prmts,andark
2020-07-13,1576.26,MEDIVET,medivet,medi vet
2020-07-13,633.6,VIKING UK,viking,viking
2020-07-14,2240.76,LVL-DAVIES VET SPECIAL,lvl davies vet special,lvl davies vet special
2020-07-14,625.7,ROSS SURVIVAL SERVICES,ross survival,ross survival
2020-07-15,710.0,PRIORY GROUP,priory group,priory group
2020-07-15,906.5,RENTOKIL PEST CONT,rentokil pest cont,rentokil pest cont
2020-07-16,596.33,Creative Cloud Indiv,adobe,adobe
2020-07-16,781.49,POINT BLANK ENTERPRISE,point blank enterprise,point blank enterprise
2020-07-16,1694.99,SPORTSDIRECT,sportsdirect,sportsdirect
2020-07-16,3514.99,SPORTSDIRECT,sportsdirect,sportsdirect
2020-07-16,600.0,TREARDDUR BAY HOLIDAY,trearddur bay holiday,trearddur bay holiday
2020-07-17,711.0,AMAZON,amazon,amazon
2020-07-17,1433.02,CS-CATERING-EQ,cs catering eq,cs catering eq
2020-07-17,772.8,GLASDON,glasdon,glasdon
2020-07-17,646.0,UDL WEBSITE PAYMENT,udl website payment,udl website payment
2020-07-20,604.84,AMAZON,amazon,amazon
2020-07-20,894.95,IKEA LTD SHOP ONLINE,ikea shop online,ikea shop online
2020-07-22,923.44,AMAZON,amazon,amazon
2020-07-22,744.72,VITAL PET PRODUCTS,vital pet,vital pet
2020-07-23,564.9,COMPASS SERVICES UK LT,compass lt,compass lt
2020-07-23,1843.98,PCWB TELESALES,pcwb telesales,pcwb telesales
2020-07-23,685.52,PEEJAY PETS,peejay pets,peejay pets
2020-07-23,500.0,SQ  A.S TINTS,sq a s tints,sq a s tints
2020-07-24,955.2,IT GOVERNANCE LTD,it governance,it governance
2020-07-24,516.8,MARINE SUPER STORE LTD,marine super store,marine super store
2020-07-27,1683.95,AIRBNB   HMKFRTFKFR,airbnb hmkfrtfkfr,airbnb hmkfrtfkfr
2020-07-27,599.85,AMAZON,amazon,amazon
2020-07-27,569.7,EFOLDI,efoldi,efoldi
2020-07-27,587.92,MONSTERPETSUPPLIES,monsterpetsupplies,monster pet supplies
2020-07-27,523.2,OFFICEFURNITUREONL,officefurnitureonl,officefurnitureonl
2020-07-27,575.37,SIGAL UNIQA GROUP AUST,sigal uniqa group aust,sigal uniqa group aust
2020-07-28,730.43,E J MARINE SERVICES,e j marine,e j marine
2020-07-28,675.54,SAFETYSUPPL,safetysuppl,safetysuppl
2020-07-28,1603.2,STEPS & STILLAGES,steps stillages,steps stillages
2020-07-29,1654.86,BRISTOL MANAGEMENT CEN,bristol management cen,bristol management cen
2020-07-29,1241.96,CHAIROFFICE,chairoffice,chairoffice
2020-07-29,2685.61,DICK WHITE REFERRALS L,dick white referrals,dick white referrals
2020-07-29,630.0,SQ  UK WHOLESALES TA P,sq wholesales ta p,sq wholesales ta p
2020-07-30,749.0,AMAZON,amazon,amazon
2020-07-30,560.0,ATLANTIC HOTEL,atlantic hotel,atlantic hotel
2020-07-31,842.39,ADDISONLEE,addisonlee,addison lee
2020-07-31,989.22,ADDISONLEE,addisonlee,addison lee
2020-07-31,657.6,CARILLON IND SERVS,carillon ind servs,carillon ind servs
2020-07-31,657.6,CARILLON IND SERVS,carillon ind servs,carillon ind servs
2020-07-31,657.6,CARILLON IND SERVS,carillon ind servs,carillon ind servs
2020-07-31,675.6,CARILLON IND SERVS,carillon ind servs,carillon ind servs
2020-07-31,900.0,Sharp & Enright,sharp enright,sharp enright
2020-06-01,613.97,ARGOS LTD,argos,argos
2020-06-01,4488.0,STEROPLAST LTD,steroplast,steroplast
2020-07-01,615.29,AMAZON,amazon,amazon
2020-06-02,642.9,ADDISONLEE,addisonlee,addison lee
2020-06-02,2800.0,CDP APARTMENTS,cdp apartments,cdp apartments
2020-06-03,642.9,ADDISONLEE,addisonlee,addison lee
2020-06-03,500.0,TT2,tt2,tt2
2020-06-04,599.0,CURRYS ONLINE,currys online,currys online
2020-06-04,576.0,SLI DO,sli do,sli do
2020-06-05,794.99,MEDIVET,medivet,medi vet
2020-06-05,549.0,PCWB,pcwb,pcwb
2020-06-05,994.74,POSTURITE LTD,posturite,posturite
2020-06-08,629.17,ADDISONLEE,addisonlee,addison lee
2020-06-08,510.0,EGRESS SWITCH,egress switch,egress switch
2020-06-09,577.15,AMAZON,amazon,amazon
2020-06-10,555.0,AIR INDIA,air india,air india
2020-06-12,717.98,ADDISONLEE,addisonlee,addison lee
2020-06-12,1667.4,BLUESAT SOLUTIONS LTD,bluesat,bluesat
2020-06-12,692.29,CATERING APPLIANCE SUP,catering appliance sup,catering appliance sup
2020-06-12,778.0,WEX PHOTOGRAPHIC,wex photographic,wex photographic
2020-06-15,2364.0,3DBROADCAST,3dbroadcast,3dbroadcast
2020-06-15,550.0,DYSON UK,dyson,dyson
2020-06-15,1100.0,DYSON UK,dyson,dyson
2020-06-15,1200.0,IZ  INK2DESIGN LIMITED,iz ink2design,iz ink2design
2020-06-15,1200.0,IZ  INK2DESIGN LIMITED,iz ink2design,iz ink2design
2020-06-15,849.5,SPORTSDIRECT,sportsdirect,sportsdirect
2020-06-16,1446.83,MEDIVET,medivet,medi vet
2020-06-16,1105.65,SAFETYSUPPL,safetysuppl,safetysuppl
2020-06-17,4717.24,AMAZON,amazon,amazon
2020-06-17,727.98,FALCON LIMITED,falcon,falcon
2020-06-18,720.0,FREE MOVEMENT,free movement,free movement
2020-06-18,841.2,SLI DO,sli do,sli do
2020-06-19,1110.0,AIR INDIA,air india,air india
2020-06-19,1433.02,CS-CATERING-EQ,cs catering eq,cs catering eq
2020-06-19,550.0,DYSON UK,dyson,dyson
2020-06-19,1263.79,GARDEN4LESS,garden4less,garden4less
2020-06-19,3108.0,Vasco Electronics Sp.,vasco electronics sp,vasco electronics sp
2020-06-22,896.36,BACKCS,backcs,backcs
2020-06-22,719.4,ZOOM.GBP,zoom gbp,zoom gbp
2020-06-23,528.99,AMAZON,amazon,amazon
2020-06-23,2311.8,Sharp & Enright,sharp enright,sharp enright
2020-06-23,500.73,VISME,visme,vimeo
2020-06-24,930.93,EB CAMUNDA BPM FOR JA,eb camunda bpm for ja,eb camunda bpm for ja
2020-06-24,948.0,Sharp & Enright,sharp enright,sharp enright
2020-06-26,1225.2,BACKCARE SOLUTIONS LTD,backcare,backcare
2020-06-26,1495.0,CURRYS ONLINE,currys online,currys online
2020-06-26,765.6,DISTEC LTD,distec,distec
2020-06-29,849.6,ADOBE CREATIVE CLOUD,adobe,adobe
2020-06-29,599.85,AMAZON,amazon,amazon
2020-05-01,600.0,A CHRISTIE & SONS,a christie sons,a christie sons
2020-05-01,25000.0,GLOVECLUB,gloveclub,glove club
2020-05-01,25000.0,GLOVECLUB,gloveclub,glove club
2020-05-01,576.0,SLI DO,sli do,sli do
2020-05-01,982.8,THE-SRA ORG,the sra org,the sra org
2020-05-04,2800.0,CDP APARTMENTS,cdp apartments,cdp apartments
2020-05-04,11216.63,GLOVECLUB,gloveclub,glove club
2020-05-04,25000.0,GLOVECLUB,gloveclub,glove club
2020-05-04,25000.0,GLOVECLUB,gloveclub,glove club
2020-05-04,592.0,IZ  NEBULA CREATIVE LIMITED,iz nebula creative,iz nebula creative
2020-05-04,800.0,IZ  NEBULA CREATIVE LIMITED,iz nebula creative,iz nebula creative
2020-05-04,720.0,Sharp & Enright,sharp enright,sharp enright
2020-05-04,738.0,SP   PURE CLEAN UK,sp pure clean,sp pure clean
2020-05-05,529.78,APS GROUP,aps group,aps group
2020-05-05,3660.0,KVM SERVICED APARTMENT,kvm serviced apartment,kvm serviced apartment
2020-05-05,3660.0,KVM SERVICED APARTMENT,kvm serviced apartment,kvm serviced apartment
2020-05-05,935.96,SNAPON,snapon,snapon
2020-05-06,901.01,ADDISONLEE,addisonlee,addison lee
2020-05-06,840.78,SAFFRON EVENTS AND VENUE CATERERS,saffron events and venue caterers,saffron events and venue caterers
2020-05-06,936.0,THEHUBEVENTS,thehubevents,the hub events
2020-05-07,900.0,ALTBERG,altberg,altberg
2020-05-07,581.03,AMAZON,amazon,amazon
2020-05-07,895.0,CURRYS ONLINE,currys online,currys online
2020-05-07,1176.0,THE DISPLAY LINK LTD,the display link,the display link
2020-05-08,587.4,MEDISAVE,medisave,medisave
2020-05-11,645.41,VWR INTERNATIONAL LTD,vwr,vwr
2020-05-12,588.0,NBBMATTING,nbbmatting,nbb matting
2020-05-13,679.79,AMAZON,amazon,amazon
2020-05-13,943.68,TGS COACHWORKS,tgs coachworks,tgs coachworks
2020-05-13,954.0,THE DISPLAY LINK LTD,the display link,the display link
2020-05-14,2364.0,HTTPS://3DBROADCAS,https 3dbroadcas,3dbroadcast
2020-05-14,788.0,WEX PHOTOGRAPHIC,wex photographic,wex photographic
2020-05-15,536.92,ADDISONLEE,addisonlee,addison lee
2020-05-15,949.92,CURRYS ONLINE,currys online,currys online
2020-05-15,630.0,EAST KENT RECYCLING,east kent recycling,east kent recycling
2020-05-15,1415.07,ROYAL JOR UBGCA6       0,royal jor ubgca6 0,royal jor ubgca6 0
2020-05-15,943.68,TGS COACHWORKS,tgs coachworks,tgs coachworks
2020-05-18,536.92,ADDISONLEE,addisonlee,addison lee
2020-05-18,644.4,AGILE CHANGE,agile change,agile change
2020-05-18,789.99,AMAZON,amazon,amazon
2020-05-18,622.8,DELL PRODUCTS,dell,dell
2020-05-18,622.8,DELL PRODUCTS,dell,dell
2020-05-19,622.8,DELL PRODUCTS,dell,dell
2020-05-19,622.8,DELL PRODUCTS,dell,dell
2020-05-19,622.8,DELL PRODUCTS,dell,dell
2020-05-20,739.7,B2C DISTRIBUTION,b2c,b2c
2020-05-21,653.19,PAKISTAN INTERNATIONAL,pakistan,pakistan
2020-05-22,506.05,BARDEN UK LTD,barden,barden
2020-05-25,585.83,ADDISONLEE,addisonlee,addison lee
2020-05-25,585.83,ADDISONLEE,addisonlee,addison lee
2020-05-25,512.95,ARGOS LTD,argos,argos
2020-05-28,644.4,AGILE CHANGE,agile change,agile change
2020-05-28,1874.5,KEYMT INSTALLATION LTD,keymt installation,keymt installation
2020-05-28,2000.0,KEYMT INSTALLATION LTD,keymt installation,keymt installation
2020-05-28,701.28,PEEJAY PETS,peejay pets,peejay pets
2020-05-28,2472.0,Sharp & Enright,sharp enright,sharp enright
2020-05-28,3954.0,Sharp & Enright,sharp enright,sharp enright
2020-05-29,1049.75,GLOBAL OFFICE SUPPLIES,global office supplies,global office supplies
2020-05-29,634.26,MOST PROPERTIES E E,most properties e e,most properties e e
2020-05-29,1620.0,SUNHIGH LIMITED,sunhigh,sunhigh
2020-04-01,807.87,AMAZON,amazon,amazon
2020-04-01,992.4,ANGLOCO LTD,angloco,angloco
2020-04-01,1318.15,CDP APARTMENTS,cdp apartments,cdp apartments
2020-04-01,2800.0,CDP APARTMENTS,cdp apartments,cdp apartments
2020-04-01,2603.57,GLOVE CLUB LTD,glove club,glove club
2020-04-01,28211.62,GLOVE CLUB LTD,glove club,glove club
2020-04-02,8280.0,ARDEN WINCH & COMPANY,arden winch,arden winch
2020-04-02,8280.0,ARDEN WINCH & COMPANY,arden winch,arden winch
2020-04-02,1585.78,FUTURE SAFETY LTD,future safety,future safety
2020-04-02,864.0,HAIR THERE AND EVERYWHERE,hair there and everywhere,hair there and everywhere
2020-04-02,1544.4,SHARP & ENRIGHT,sharp enright,sharp enright
2020-04-03,976.81,AMAZON,amazon,amazon
2020-04-03,611.79,COSTCO WHOLESALE UK,costco wholesale,costco wholesale
2020-04-06,7416.0,ARDEN WINCH & COMPANY,arden winch,arden winch
2020-04-06,10000.0,GLOBAL BEAUTY PRODUCTS,global beauty,global beauty
2020-04-06,20000.0,GLOBAL BEAUTY PRODUCTS,global beauty,global beauty
2020-04-06,516.0,MEDI SUPPLIES LTD,medi supplies,medi supplies
2020-04-06,566.4,ST JOHN AMBULANCE,st john ambulance,st john ambulance
2020-04-07,977.99,UK Meds Equipment,meds equipment,meds equipment
2020-04-08,17980.8,GLOBAL BEAUTY PRODUCTS,global beauty,global beauty
2020-04-08,1015.19,GLOVE CLUB LTD,glove club,glove club
2020-04-08,8593.5,GLOVE CLUB LTD,glove club,glove club
2020-04-08,37011.3,GLOVE CLUB LTD,glove club,glove club
2020-04-08,3720.0,KVM SERVICED APARTMENT,kvm serviced apartment,kvm serviced apartment
2020-04-08,1065.07,MEDIVET,medivet,medi vet
2020-04-08,992.24,WILLETT HOUSE VETS LTD,willett house vets,willett house vets
2020-04-09,990.0,ARDEN WINCH & COMPANY,arden winch,arden winch
2020-04-09,678.24,FIRST AID 4 LESS,first aid 4 less,first aid 4 less
2020-04-09,3007.2,GLOVE CLUB LTD,glove club,glove club
2020-04-09,46644.12,GLOVE CLUB LTD,glove club,glove club
2020-04-09,894.95,IKEA,ikea,ikea
2020-04-10,932.04,SURVITEC,survitec,survitec
2020-04-13,781.79,AMAZON,amazon,amazon
2020-04-13,1035.41,AMAZON,amazon,amazon
2020-04-15,4854.0,GLOVE CLUB LTD,glove club,glove club
2020-04-16,12619.15,TGS COACHWORKS,tgs coachworks,tgs coachworks
2020-04-17,868.93,ADDISON LEE,addison lee,addison lee
2020-04-17,666.56,BUY IT DIRECT,buy it direct,buy it direct
2020-04-17,1022.69,GLOVE CLUB LTD,glove club,glove club
2020-04-17,45636.6,GLOVE CLUB LTD,glove club,glove club
2020-04-17,47036.35,GLOVE CLUB LTD,glove club,glove club
2020-04-17,43800.0,TGS COACHWORKS,tgs coachworks,tgs coachworks
2020-04-20,5440.0,ARDEN WINCH & COMPANY,arden winch,arden winch
2020-04-20,50000.0,ARDEN WINCH & COMPANY,arden winch,arden winch
2020-04-20,9736.14,GLOVE CLUB LTD,glove club,glove club
2020-04-20,788.22,SMYE RUMSBY LTD,smye rumsby,smye rumsby
2020-04-21,1283.94,AMAZON,amazon,amazon
2020-04-21,900.0,GE AUTOMATIC,ge automatic,ge automatic
2020-04-21,519.0,JUSTGLOVES,justgloves,justgloves
2020-04-22,732.99,ARGOS,argos,argos
2020-04-22,572.9,FONE JUNKIE,fone junkie,fone junkie
2020-04-22,6036.0,GLOVE CLUB LTD,glove club,glove club
2020-04-22,28762.49,GLOVE CLUB LTD,glove club,glove club
2020-04-22,509.5,PET DRUGS ONLINE,pet drugs online,pet drugs online
2020-04-22,564.48,SP   BEAUTIFULB ROWS,sp beautifulb rows,sp beautifulb rows
2020-04-23,639.36,ALLBATTERIES UK LTD,allbatteries,allbatteries
2020-04-23,869.76,BLUESAT SOLUTIONS LTD,bluesat,bluesat
2020-04-23,6060.0,GLOVE CLUB LTD,glove club,glove club
2020-04-23,7048.63,GLOVE CLUB LTD,glove club,glove club
2020-04-23,36054.0,GLOVE CLUB LTD,glove club,glove club
2020-04-23,216000.0,ROBERT PEEL INTERNATIONAL,robert peel,robert peel
2020-04-23,4167.0,ROTHER VALLEY OPTICS LTD,rother valley optics,rother valley optics
2020-04-23,13200.0,TGS COACHWORKS,tgs coachworks,tgs coachworks
2020-04-24,6060.0,GLOVE CLUB LTD,glove club,glove club
2020-04-29,877.32,DETAINEE SUPPLIES LTD,detainee supplies,detainee supplies
2020-04-29,540.0,EAST KENT RECYCLING,east kent recycling,east kent recycling
2020-04-30,666.98,AGS MOVERS,ags movers,ags movers
2020-04-30,6240.0,GLOVE CLUB LTD,glove club,glove club
2020-04-30,19000.0,GLOVE CLUB LTD,glove club,glove club
2020-04-30,45476.16,GLOVE CLUB LTD,glove club,glove club
2020-05-01,963.87,R.H. & K.M.P. SERVICES,r h k m p,r h k m p svs
2020-03-02,1451.52,ARDEN WINCH & COMPANY,arden winch,arden winch
2020-03-02,3394.89,ARDEN WINCH & COMPANY,arden winch,arden winch
2020-03-02,3394.89,ARDEN WINCH & COMPANY,arden winch,arden winch
2020-03-02,1013.5,COMECA,comeca,comeca
2020-03-02,1733.71,GLOVE CLUB LTD,glove club,glove club
2020-03-02,672.0,SMYE RUMSBY LTD,smye rumsby,smye rumsby
2020-03-03,539.01,AMAZON,amazon,amazon
2020-03-03,1859.0,BRISTOL MANAGEMENT CENTRE,bristol management centre,bristol management cen
2020-03-03,869.86,GLOVE CLUB LTD,glove club,glove club
2020-03-04,973.2,A1 ENVIRO SCIENCE,a1 enviro science,a1 enviro science
2020-03-04,973.2,A1-ENVIRO SCIENCES.,a1 enviro sciences,a1 enviro science
2020-03-04,541.25,AMADEUS FARNBOROUGH,amadeus farnborough,amadeus farnborough
2020-03-04,699.94,AMAZON,amazon,amazon
2020-03-04,710.1,AMAZON,amazon,amazon
2020-03-04,2679.04,GE AUTOMATIC,ge automatic,ge automatic
2020-03-04,1434.24,GLOVE CLUB LTD,glove club,glove club
2020-03-04,1041.6,OPTICRON,opticron,opticron
2020-03-04,675.92,SCREWFIX DIRECT,screwfix direct,screwfix direct
2020-03-05,569.78,AMAZON,amazon,amazon
2020-03-05,520.0,HALFORDS ,halfords,halfords
2020-03-05,579.0,JOHN LEWIS,john lewis,john lewis
2020-03-05,805.2,LAERDAL MEDICAL,laerdal medical,laerdal medical
2020-03-05,539.37,POLLYANA RESTAURANT,pollyana restaurant,pollyana restaurant
2020-03-05,900.0,POWER TOOL WORLD,power tool world,power tool world
2020-03-05,2224.29,WILLOWS VETERINARY,willows veterinary,willows veterinary
2020-03-06,600.0,B&Q,b q,b q
2020-03-06,986.44,NEPTUN QTU TIRANE,neptun qtu tirane,neptun qtu
2020-03-06,1036.2,NEPTUN QTU TIRANE,neptun qtu tirane,neptun qtu
2020-03-06,649.85,RKI INSTRUMENTS INCORPORATED,rki instruments incorporated,rki instruments incorporated
2020-03-06,900.0,SLIDO,slido,sli do
2020-03-06,566.4,ST JOHN AMBULANCE,st john ambulance,st john ambulance
2020-03-06,710.25,SUMUP MOJOFEST LIMITED,sumup mojofest,sumup mojofest
2020-03-06,710.25,SUMUP MOJOFEST LIMITED,sumup mojofest,sumup mojofest
2020-03-06,520.0,TRUE GRIP OFF ROAD LTD,true grip off road,true grip off road
2020-03-09,639.0,AMAZON,amazon,amazon
2020-03-09,1040.69,FOLKESTONE GARDEN CENTRE,folkestone garden centre,folkestone garden centre
2020-03-09,639.0,GBP MCLAUGHLIN & HARVEY,gbp mclaughlin harvey,gbp mclaughlin harvey
2020-03-09,840.0,GBP MCLAUGHLIN & HARVEY,gbp mclaughlin harvey,gbp mclaughlin harvey
2020-03-09,860.23,NEPTUN QTU TIRANE,neptun qtu tirane,neptun qtu
2020-03-09,860.23,NEPTUN QTU TIRANE,neptun qtu tirane,neptun qtu
2020-03-09,804.26,RUTH LEE LTD,ruth lee,ruth lee
2020-03-09,3660.0,W A PRODUCTS UK,w a,w a
2020-03-10,585.0,AMAZON,amazon,amazon
2020-03-10,549.59,LOGOS ON,logos on,logos on
2020-03-10,537.55,MATOMO PIWIK ANALYTICS,matomo piwik analytics,matomo piwik analytics
2020-03-10,1436.5,MEDI VET,medi vet,medi vet
2020-03-10,1000.0,NUFFIELD COLLEGE,nuffield college,nuffield college
2020-03-10,1000.0,NUFFIELD COLLEGE,nuffield college,nuffield college
2020-03-10,584.24,OUTDOOR365 LTD,outdoor365,outdoor365
2020-03-10,810.43,TRAVIS PERKINS,travis perkins,travis perkins
2020-03-11,756.95,ARGOS,argos,argos
2020-03-11,709.69,CARTHEY ECOMMERCE S L,carthey ecommerce s,carthey ecommerce s
2020-03-11,2564.03,DETAINEESUP,detaineesup,detainee supplies
2020-03-11,619.32,EIB MARKETING,eib marketing,eib marketing
2020-03-11,2900.0,ICO,ico,ico
2020-03-11,1434.0,PHEONIX HSC,pheonix hsc,pheonix hsc
2020-03-11,505.44,SHS HANDLING SOLUTIONS,shs handling,shs handling
2020-03-11,1752.48,WILLANY LTD,willany,willany
2020-03-12,1590.0,CVP,cvp,cvp
2020-03-12,14883.6,GLOVE CLUB LTD,glove club,glove club
2020-03-12,812.0,MIDLAND LADD,midland ladd,midland ladd
2020-03-12,1373.89,PIETTYS COMMUNICATION,piettys communication,piettys communication
2020-03-12,1612.96,POLLYANA RESTAURANT,pollyana restaurant,pollyana restaurant
2020-03-12,1612.96,POLLYANA RESTAURANT,pollyana restaurant,pollyana restaurant
2020-03-12,602.4,SBTCBINOCUL,sbtcbinocul,sbtcbinocul
2020-03-12,1382.4,SHARP & ENRIGHT,sharp enright,sharp enright
2020-03-13,703.1,AMAZON,amazon,amazon
2020-03-13,710.81,AMAZON,amazon,amazon
2020-03-13,9220.26,AMAZON,amazon,amazon
2020-03-13,1068.0,BRISTOL AIRPORT LIMITED,bristol airport,bristol airport
2020-03-13,1972.85,BUCK & HICKMAN,buck hickman,buck hickman
2020-03-13,879.0,CURRYS,currys,currys online
2020-03-13,919.81,ENTERTAINMENT EB,entertainment eb,entertainment eb
2020-03-13,750.0,SPEEDY FREIGHT,speedy freight,speedy freight
2020-03-13,1728.0,THERAVET LIMITED,theravet,theravet
2020-03-16,864.0,ADVANCED K9 SOLUTIONS,advanced k9,advanced k9
2020-03-16,1980.0,ARDEN WINCH & COMPANY,arden winch,arden winch
2020-03-16,629.0,ARGOS,argos,argos
2020-03-16,879.0,CURRYS,currys,currys online
2020-03-16,950.26,DIGITAL RIVER,digital river,digital river
2020-03-16,10114.32,GLOVE CLUB LTD,glove club,glove club
2020-03-16,500.0,I.T.S EUROPE LTD,i t s europe,i t s europe
2020-03-16,504.5,SCREWFIX DIRECT,screwfix direct,screwfix direct
2020-03-16,702.0,SHARP & ENRIGHT,sharp enright,sharp enright
2020-03-16,702.0,SHARP & ENRIGHT,sharp enright,sharp enright
2020-03-17,635.36,AFRQ O-NOUACER,afrq o nouacer,afrq o nouacer
2020-03-17,637.94,AMAZON,amazon,amazon
2020-03-17,873.98,AMAZON,amazon,amazon
2020-03-17,4740.0,CORPORATE IT,corporate it,corporate it
2020-03-17,614.35,MIELE FINANCE DEPT,miele finance dept,miele finance dept
2020-03-17,540.0,SAIL AND COVER,sail and cover,sail and cover
2020-03-17,702.0,SHARP & ENRIGHT,sharp enright,sharp enright
2020-03-17,1149.0,THE DISPLAY LINK LTD,the display link,the display link
2020-03-18,879.0,CURRYS,currys,currys online
2020-03-18,800.0,iZ  NEBULA CREATIVE,iz nebula creative,iz nebula creative
2020-03-18,518.4,KEY MANAGEMENT INSTALLATION LTD,key management installation,keymt installation
2020-03-18,744.6,LOGOS ON,logos on,logos on
2020-03-19,679.98,CURRYS,currys,currys online
2020-03-19,1587.07,DELL PRODUCTS,dell,dell
2020-03-19,1079.4,GREENROW LIMITED,greenrow,greenrow
2020-03-19,1075.08,TODDS OFFICE SOLUTIONS,todds office,todds office
2020-03-19,957.48,WEIGHING-NET,weighing net,weighing net
2020-03-19,881.09,WILLETT HOUSE VETS LTD,willett house vets,willett house vets
2020-03-20,648.0,ADVANCED K9 SOLUTIONS,advanced k9,advanced k9
2020-03-20,730.08,BIRMINGHAM TELECOMMUNICATION,birmingham telecommunication,birmingham telecommunication
2020-03-20,1051.54,MONSTER PET SUPPLIES,monster pet supplies,monster pet supplies
2020-03-20,777.6,SETON,seton,seton
2020-03-20,600.0,SRCL LTD,srcl,srcl
2020-03-20,705.49,SRCL LTD,srcl,srcl
2020-03-23,1571.76,ARDEN WINCH & COMPANY,arden winch,arden winch
2020-03-23,513.77,COMECA,comeca,comeca
2020-03-23,518.43,COMECA,comeca,comeca
2020-03-23,598.8,DELL PRODUCTS,dell,dell
2020-03-23,564.0,HOWE TOOLS LTD,howe tools,howe tools
2020-03-23,842.4,SHARP & ENRIGHT,sharp enright,sharp enright
2020-03-23,806.4,SP   BEAUTIFUL BROWS,sp beautiful brows,sp beautifulb rows
2020-03-23,1013.0,SP   BEAUTIFUL BROWS,sp beautiful brows,sp beautifulb rows
2020-03-23,2625.8,SP   BEAUTIFUL BROWS,sp beautiful brows,sp beautifulb rows
2020-03-24,1242.18,AMAZON,amazon,amazon
2020-03-24,675.6,BRISTOL AIRPORT LIMITED,bristol airport,bristol airport
2020-03-24,878.4,BRISTOL AIRPORT LIMITED,bristol airport,bristol airport
2020-03-24,881.92,KINGFISHER DIRECT LTD,kingfisher direct,kingfisher direct
2020-03-24,881.92,KINGFISHER DIRECT LTD,kingfisher direct,kingfisher direct
2020-03-24,1145.0,KVM SERVICED APARTMENT,kvm serviced apartment,kvm serviced apartment
2020-03-24,991.08,SHREDDING MACHINES,shredding machines,shredding machines
2020-03-24,8433.6,SP   BEAUTIFUL BROWS,sp beautiful brows,sp beautifulb rows
2020-03-24,19555.2,SP   BEAUTIFUL BROWS,sp beautiful brows,sp beautifulb rows
2020-03-24,20160.0,SP   BEAUTIFUL BROWS,sp beautiful brows,sp beautifulb rows
2020-03-25,582.0,A CHRISTIE & SONS,a christie sons,a christie sons
2020-03-25,596.33,ADOBE,adobe,adobe
2020-03-25,812.95,ARGOS,argos,argos
2020-03-25,540.0,EAST KENT RECYCLING,east kent recycling,east kent recycling
2020-03-25,630.0,KINGFISHER DIRECT LTD,kingfisher direct,kingfisher direct
2020-03-25,736.0,PC SPECIALIST LTD,pc specialist,pc specialist
2020-03-25,1860.0,PC Specialist Ltd,pc specialist,pc specialist
2020-03-25,3438.0,REACH & RESCUE LTD,reach rescue,reach rescue
2020-03-25,1040.0,REACH COURT FARM,reach court farm,reach court farm
2020-03-25,900.0,SLIDO,slido,sli do
2020-03-26,882.0,BUCK & HICKMAN,buck hickman,buck hickman
2020-03-26,532.8,GBP PALLET TRUCK WAREHOUSE,gbp pallet truck warehouse,gbp pallet truck warehouse
2020-03-26,532.8,GBP PALLET TRUCK WAREHOUSE,gbp pallet truck warehouse,gbp pallet truck warehouse
2020-03-26,10000.0,GLOBAL BEAUTY PRODUCTS,global beauty,global beauty
2020-03-26,14675.84,GLOBAL BEAUTY PRODUCTS,global beauty,global beauty
2020-03-26,1085.82,GLOVE CLUB LTD,glove club,glove club
2020-03-26,17721.12,GLOVE CLUB LTD,glove club,glove club
2020-03-26,33150.48,GLOVE CLUB LTD,glove club,glove club
2020-03-26,600.0,KINGSDOWN HOLIDAY HOME,kingsdown holiday home,kingsdown holiday home
2020-03-26,3720.0,KVM SERVICED APARTMENT,kvm serviced apartment,kvm serviced apartment
2020-03-26,728.97,PEEJAY PETS,peejay pets,peejay pets
2020-03-26,875.0,REACH COURT FARM,reach court farm,reach court farm
2020-03-27,552.0,JUSTGLOVES,justgloves,justgloves
2020-03-30,6876.0,APPLE,apple,apple
2020-03-30,749.97,CURRYS,currys,currys online
2020-03-30,598.8,DELL PRODUCTS,dell,dell
2020-03-30,759.98,FRUUGO,fruugo,fruugo
2020-03-30,50000.0,GLOVE CLUB LTD,glove club,glove club
2020-03-30,840.0,PP IAN MCKENZIE,pp ian mckenzie,pp ian mckenzie
2020-03-30,619.2,ST JOHN AMBULANCE,st john ambulance,st john ambulance
2020-03-30,684.0,THE HYGIENE STORE,the hygiene store,the hygiene store
2020-03-30,3327.42,TODDS OFFICE SOLUTIONS,todds office,todds office
2020-03-30,957.48,WEIGHING-NET,weighing net,weighing net
2020-03-31,960.0,DIRECT HYGIENE,direct hygiene,direct hygiene
2020-03-31,651.6,SP   THE GLOVE STORE,sp the glove store,sp the glove store
2020-02-03,539.7,AMAZON,amazon,amazon
2020-02-03,537.47,BT BILL PAYMENT,bt bill payment,bt bill payment
2020-02-03,542.43,CENTRAL CITY TRAINING,central city training,central city training
2020-02-03,740.0,CHARTERED MANAGEMENT,chartered management,chartered management
2020-02-03,806.84,LC ONE DIRECT,lc one direct,lc one direct
2020-02-04,744.12,JAMES WELLBELOVED,james wellbeloved,james wellbeloved
2020-02-04,874.8,SHARP & ENRIGHT,sharp enright,sharp enright
2020-02-04,1900.8,SHARP & ENRIGHT,sharp enright,sharp enright
2020-02-04,932.4,SP SERVICES,sp,sp
2020-02-05,976.44,TALKING T'S LIMITED,talking t s,talking t s
2020-02-06,557.84,MATOMO PIWIK ANALYTICS,matomo piwik analytics,matomo piwik analytics
2020-02-06,1200.0,OH CRUMBS,oh crumbs,oh crumbs
2020-02-07,900.0,AD-OPTIONS LTD,ad options,ad options
2020-02-07,962.0,CURRYS,currys,currys online
2020-02-07,962.0,CURRYS,currys,currys online
2020-02-07,1170.0,DEFIB SHOP,defib shop,defib shop
2020-02-07,1209.6,SHARP & ENRIGHT,sharp enright,sharp enright
2020-02-07,521.61,THE ROYAL CORNWALL AGR,the royal cornwall agr,the royal cornwall agr
2020-02-10,1359.96,A W SOLUTIONS,a w,a w
2020-02-10,540.0,EAST KENT RECYCLING,east kent recycling,east kent recycling
2020-02-10,574.43,R.H. & K.M.P. SERVICES,r h k m p,r h k m p svs
2020-02-10,570.0,THINK DIFFERENT EVENT,think different event,think different event
2020-02-10,818.05,TRAVIS PERKINS,travis perkins,travis perkins
2020-02-10,818.05,TRAVIS PERKINS,travis perkins,travis perkins
2020-02-10,818.05,TRAVIS PERKINS,travis perkins,travis perkins
2020-02-10,818.05,TRAVIS PERKINS,travis perkins,travis perkins
2020-02-10,1000.0,WEB METTLE LTD,web mettle,web mettle
2020-02-11,582.0,ADASS ORG,adass org,adass org
2020-02-11,831.6,JUSTGLOVES,justgloves,justgloves
2020-02-12,538.93,AMAZON,amazon,amazon
2020-02-12,17137.26,ARDEN WINCH & CO LTD,arden winch,arden winch
2020-02-12,718.99,CURRYS,currys,currys online
2020-02-12,718.99,CURRYS,currys,currys online
2020-02-12,588.0,NBB MATTING,nbb matting,nbb matting
2020-02-12,589.99,ROBERT DYAS HOLDNG LTD,robert dyas holdng,robert dyas holdng
2020-02-12,1898.69,SHOP4ALL LTD,shop4all,shop4all
2020-02-12,966.0,THE ROYAL STATISTICAL,the royal statistical,the royal statistical
2020-02-13,656.4,BACKCARE SOLUTIONS LTD,backcare,backcare
2020-02-13,738.99,CURRYS,currys,currys online
2020-02-13,650.92,SCREWFIX DIRECT,screwfix direct,screwfix direct
2020-02-14,1179.98,ROBERT DYAS HOLDNG LTD,robert dyas holdng,robert dyas holdng
2020-02-14,1000.0,TRUE GRIP OFF ROAD LTD,true grip off road,true grip off road
2020-02-17,596.33,ADOBE CREATIVE CLOUD,adobe,adobe
2020-02-17,596.33,ADOBE CREATIVE CLOUD,adobe,adobe
2020-02-17,648.0,ADVANCED K9 SOLUTIONS,advanced k9,advanced k9
2020-02-17,1481.82,GLOVE CLUB LTD,glove club,glove club
2020-02-17,720.0,GMK,gmk,gmk
2020-02-17,880.0,GMM SALES LTD,gmm sales,gmm sales
2020-02-17,600.0,REG FOR VIDCON LONDON,reg for vidcon london,reg for vidcon london
2020-02-17,852.0,THE ROYAL STATISTICAL,the royal statistical,the royal statistical
2020-02-18,530.0,AMAZON,amazon,amazon
2020-02-18,609.98,AMAZON,amazon,amazon
2020-02-18,518.4,ARDEN WINCH & CO LTD,arden winch,arden winch
2020-02-18,780.0,DHC LTD VT,dhc vt,dhc vt
2020-02-18,1002.22,FUTURE SAFETY LTD,future safety,future safety
2020-02-19,588.0,ASPIRE LEADERSHIP LTD,aspire leadership,aspire leadership
2020-02-19,1578.0,RADIO RELAY,radio relay,radio relay
2020-02-19,1728.0,SHARP & ENRIGHT,sharp enright,sharp enright
2020-02-20,773.64,SAFETY FIRST AID,safety first aid,safety first aid
2020-02-20,1382.4,SHARP & ENRIGHT,sharp enright,sharp enright
2020-02-21,596.33,ADOBE CREATIVE CLOUD,adobe,adobe
2020-02-21,1877.69,GLOVE CLUB LTD,glove club,glove club
2020-02-21,1941.01,MEDIVET,medivet,medi vet
2020-02-21,979.61,MONSTER PET SUPPLIES,monster pet supplies,monster pet supplies
2020-02-21,587.21,NEOPOST,neopost,neopost
2020-02-21,630.0,PARLI-TRAINING,parli training,parli training
2020-02-21,7310.15,REVEAL MEDIA,reveal media,reveal media
2020-02-21,594.0,WESTMINSTER INSIGHT,westminster insight,westminster insight
2020-02-24,596.33,ADOBE CREATIVE CLOUD,adobe,adobe
2020-02-24,1728.0,SHARP & ENRIGHT,sharp enright,sharp enright
2020-02-24,741.6,STONEWALL.ORGANISATION,stonewall organisation,stonewall organisation
2020-02-24,741.6,STONEWALL.ORGANISATION,stonewall organisation,stonewall organisation
2020-02-25,768.0,BLACKS,blacks,backcs
2020-02-25,615.6,CIPS,cips,cips
2020-02-25,1075.79,CONSEIL DE COOPERATION,conseil de cooperation,conseil de cooperation
2020-02-25,1209.6,EQUIP4WORK,equip4work,www equip4work
2020-02-25,512.85,FORCE 4,force 4,force 4
2020-02-25,581.9,GLOVE CLUB LTD,glove club,glove club
2020-02-25,1733.71,GLOVE CLUB LTD,glove club,glove club
2020-02-25,535.0,ROYAL MAIL ,royal mail,royal mail
2020-02-25,837.6,STONEWALL.ORGANISATION,stonewall organisation,stonewall organisation
2020-02-25,837.6,STONEWALL.ORGANISATION,stonewall organisation,stonewall organisation
2020-02-25,1000.0,TRUE GRIP ATV LTD,true grip atv,true grip atv
2020-02-26,2309.62,GLOVE CLUB LTD,glove club,glove club
2020-02-26,1129.36,POLLYANA RESTAURANT,pollyana restaurant,pollyana restaurant
2020-02-26,1411.7,POLLYANA RESTAURANT,pollyana restaurant,pollyana restaurant
2020-02-26,1411.7,POLLYANA RESTAURANT,pollyana restaurant,pollyana restaurant
2020-02-26,864.0,SHARP & ENRIGHT,sharp enright,sharp enright
2020-02-26,556.74,SMART CARD,smart card,smart card
2020-02-27,1733.71,GLOVE CLUB LTD,glove club,glove club
2020-02-27,518.28,HELLOPRINT B.V.,helloprint b v,helloprint b v
2020-02-27,518.28,HELLOPRINT B.V.,helloprint b v,helloprint b v
2020-02-27,900.0,THE MAGDALEN ARMS,the magdalen arms,the magdalen arms
2020-02-28,758.0,AO RETAIL LIMITED,ao retail,ao retail
2020-02-28,2484.0,BRITANNIA COACHES LTD,britannia coaches,britannia coaches
2020-02-28,664.8,HARBERSON LTD,harberson,harberson
2020-02-28,1728.0,SHARP & ENRIGHT,sharp enright,sharp enright
2020-02-28,1000.0,TRUE GRIP OFF ROAD LTD,true grip off road,true grip off road
2020-01-06,502.78,DISCOVERY CENTER,discovery center,discovery center
2020-01-06,949.79,DISCOVERY CENTER,discovery center,discovery center
2020-01-07,623.71,MACHINE MART WEB,machine mart web,machine mart web
2020-01-08,1430.82,AMAZON,amazon,amazon
2020-01-08,1182.0,FOCUS PROJECT MANAGEMENT,focus project management,focus project management
2020-01-08,1174.94,THE LODGE VETERINARY COLLEGE,the lodge veterinary college,the lodge veterinary college
2020-01-09,670.0,ANDARK PROMOTIONS,andark promotions,andark prmts
2020-01-09,577.47,INT IN  MCGHEE PRODUCT,int in mcghee product,int in mcghee product
2020-01-09,556.74,SMART CARD,smart card,smart card
2020-01-10,610.0,IZ DOVER RUGBY FOOTBALL,iz dover rugby football,iz dover rugby football
2020-01-10,1967.4,STEPS & STILLAGES,steps stillages,steps stillages
2020-01-13,860.6,AMAZON,amazon,amazon
2020-01-13,770.0,ANDARK PROMOTIONS,andark promotions,andark prmts
2020-01-13,623.28,SP SERVICES UK LTD,sp,sp
2020-01-14,807.23,ARDEN GRANGE,arden grange,arden grange
2020-01-14,807.45,IKEA,ikea,ikea
2020-01-14,675.0,THE PROVINCIAL BUSINESS,the provincial business,the provincial business
2020-01-15,3544.34,GMK,gmk,gmk
2020-01-15,635.9,JULIUS-K9,julius k9,julius k9
2020-01-16,719.48,CARTRIDGE SAVE,cartridge save,cartridge save
2020-01-16,591.05,ITE,ite,ite
2020-01-16,510.65,MILLGATE LTD,millgate,millgate
2020-01-16,710.53,THE ENVOY HOTEL AND SUITE,the envoy hotel and suite,the envoy hotel and suite
2020-01-16,831.33,THE ENVOY HOTEL AND SUITE,the envoy hotel and suite,the envoy hotel and suite
2020-01-17,661.4,AMAZON,amazon,amazon
2020-01-17,750.0,LIVE GROUP,live group,live group
2020-01-17,1768.2,MEDIVET,medivet,medi vet
2020-01-17,517.56,PEEJAY PETS,peejay pets,peejay pets
2020-01-20,2700.0,EB  WORKINGS OF WHITEHALL,eb workings of whitehall,eb workings of whitehall
2020-01-20,1692.65,WALDORF,waldorf,waldorf
2020-01-21,520.2,HOTELS.COM,hotels com,hotels com
2020-01-21,1900.08,SHARP & ENRIGHT,sharp enright,sharp enright
2020-01-22,710.4,BACKCARE SOLUTIONS LTD,backcare,backcare
2020-01-22,774.9,CENTRAL CITY TRAINING,central city training,central city training
2020-01-22,891.0,MACHINE MART WEB,machine mart web,machine mart web
2020-01-22,870.0,PARLI TRAINING,parli training,parli training
2020-01-22,1001.04,PIETTYS COMMUNICATION,piettys communication,piettys communication
2020-01-22,624.0,TABBERS LTD,tabbers,tabbers
2020-01-22,624.0,TABBERS LTD,tabbers,tabbers
2020-01-23,700.0,PITKIN AND RUDDOCK,pitkin and ruddock,pitkin and ruddock
2020-01-23,2073.6,SHARP & ENRIGHT,sharp enright,sharp enright
2020-01-23,1771.85,SQ  SQ  EARHUGGER SAFE,sq sq earhugger safe,sq sq earhugger safe
2020-01-24,500.0,CLAUDIA LAMB INDEPENDENT,claudia lamb independent,claudia lamb independent
2020-01-24,500.0,CLAUDIA LAMB INDEPENDENT,claudia lamb independent,claudia lamb independent
2020-01-24,500.0,CLAUDIA LAMB INDEPENDENT,claudia lamb independent,claudia lamb independent
2020-01-24,500.0,CLAUDIA LAMB INDEPENDENT,claudia lamb independent,claudia lamb independent
2020-01-24,1202.74,CURRYS ,currys,currys online
2020-01-24,683.81,ERS,ers,ers
2020-01-27,2060.92,AMAZON,amazon,amazon
2020-01-27,561.21,COMECA,comeca,comeca
2020-01-27,887.8,POLLYANA RESTAURANT,pollyana restaurant,pollyana restaurant
2020-01-27,576.0,SMART SURVEY,smart survey,smart survey
2020-01-28,585.6,DCS 2 WAY RADIO LTD,dcs 2 way radio,dcs 2 way radio
2020-01-28,1862.16,INSIGHTS LTD,insights,insights
2020-01-28,1741.0,LEAS CLIFF HALL,leas cliff hall,leas cliff hall
2020-01-28,500.0,MERSEY TRAVEL,mersey travel,mersey travel
2020-01-28,1036.8,SHARP & ENRIGHT,sharp enright,sharp enright
2020-01-29,1531.21,ROYAL VET COLLEGE-QMH,royal vet college qmh,royal vet college qmh
2020-01-29,1728.0,SHARP & ENRIGHT,sharp enright,sharp enright
2020-01-30,705.6,BACKCARE SOLUTIONS LTD,backcare,backcare
2020-01-30,1200.0,EVENTWORKS EUROPE,eventworks europe,eventworks europe
2020-01-31,817.7,COUNTY HARDWARE,county hardware,county hardware
2020-01-31,1475.04,E H SMITH  BUILDERS,e h smith builders,e h smith builders
2020-01-31,718.65,POLLYANA RESTAURANT,pollyana restaurant,pollyana restaurant
2020-01-31,718.65,POLLYANA RESTAURANT,pollyana restaurant,pollyana restaurant
2020-01-31,3299.4,TUFFIES DOG BEDS,tuffies dog beds,tuffies dog beds
2020-01-31,1200.0,VONWOLF SHOP,vonwolf shop,vonwolf shop
